Horizon,Avg_IC
1_DAY_RETURN,0.10727259985015915
2_DAY_RETURN,0.1702681352454134
3_DAY_RETURN,0.0611666589474395
7_DAY_RETURN,0.06800504090264659
