Horizon,WinRate
1_DAY_RETURN,0.5328470332063147
2_DAY_RETURN,0.5362983124659771
3_DAY_RETURN,0.5512792596624932
7_DAY_RETURN,0.5508328796951552
