{
  "topic_0": {
    "trump": 125.47868756895468,
    "im": 121.06889060165177,
    "time": 108.32796099553758,
    "know": 96.43236239181545,
    "says": 84.3676168140904,
    "great": 82.40323943368385,
    "want": 78.39402045316761,
    "good": 78.35829115297226,
    "thanks": 77.35607978778937,
    "need": 74.32931314395908,
    "day": 73.13203639739949,
    "best": 68.29776743686458,
    "help": 66.4600490607275,
    "really": 65.35887152391211,
    "donate": 63.49119265122935,
    "right": 61.04514509933977,
    "think": 60.3142227882314,
    "thats": 59.35358065088201,
    "win": 58.217669637215685,
    "thank": 54.39427100383373,
    "way": 50.35031570190899,
    "checked": 49.493342225049325,
    "work": 49.30908877478833,
    "coffee": 48.200441619984694,
    "mpoints": 47.49333078002047,
    "mplaces": 47.49333078002047,
    "news": 43.47572750392633,
    "support": 43.445523839588674,
    "read": 43.38616621140491,
    "service": 43.183193779970495,
    "follow": 42.36121606802918,
    "hi": 41.333575012097455,
    "year": 40.55513604812861,
    "week": 40.45452496794169,
    "phone": 40.408794547114745,
    "buy": 40.377036266368904,
    "money": 39.773881402384085,
    "ceo": 39.45576850487128,
    "north": 38.49102877713206,
    "team": 38.338738194705336,
    "life": 37.697972961812255,
    "korea": 37.49223557271592,
    "ive": 35.45724647930353,
    "ill": 35.30475667626882,
    "getting": 35.283530617810484,
    "real": 35.2622308801678,
    "days": 34.302430869568084,
    "tell": 33.46843785094462,
    "president": 32.46393183123285,
    "tweet": 32.40254544325526
  },
  "topic_1": {
    "check": 626.4753615280267,
    "new": 260.20232465303684,
    "love": 99.28021614178827,
    "vintage": 86.49330847582367,
    "white": 70.35391622080715,
    "black": 68.45287777540419,
    "set": 55.36991471606876,
    "free": 55.086870085864646,
    "amazon": 52.05367155238092,
    "dear": 46.30457026569212,
    "home": 45.62202222917156,
    "look": 44.28821341292146,
    "th": 41.10123471768669,
    "book": 39.37539997707696,
    "long": 39.35715386774481,
    "coming": 37.21535880327291,
    "red": 35.45965721190649,
    "available": 35.28139004297068,
    "art": 34.47089235018584,
    "lot": 34.227976658678244,
    "silver": 33.495917938801895,
    "blue": 33.47762112542633,
    "listed": 32.46205307666208,
    "gold": 31.414840285431858,
    "im": 30.931109398341526,
    "necklace": 30.497359097135888,
    "christmas": 30.44541562233659,
    "case": 28.52720631417912,
    "glass": 28.497208693248776,
    "collection": 28.45902326309833,
    "original": 28.426234301057434,
    "hand": 27.43731107812517,
    "batb": 27.41070577718976,
    "halloween": 27.378894133105593,
    "ready": 27.0522245322022,
    "st": 26.503845218118766,
    "sale": 26.413934599164797,
    "story": 26.324705766846307,
    "little": 26.128025470032462,
    "learn": 25.945007497772213,
    "apple": 25.90317549151192,
    "world": 25.58192919301341,
    "handmade": 25.494661098862416,
    "womens": 25.49365707868093,
    "design": 25.4445430255869,
    "green": 25.4409898037832,
    "large": 25.40285479694035,
    "women": 25.11054700792672,
    "ad": 24.823189822112422,
    "mens": 24.48305634105576
  }
}