{
  "check": 626.4753615280267,
  "new": 260.20232465303684,
  "love": 99.28021614178827,
  "vintage": 86.49330847582367,
  "white": 70.35391622080715,
  "black": 68.45287777540419,
  "set": 55.36991471606876,
  "free": 55.086870085864646,
  "amazon": 52.05367155238092,
  "dear": 46.30457026569212,
  "home": 45.62202222917156,
  "look": 44.28821341292146,
  "th": 41.10123471768669,
  "book": 39.37539997707696,
  "long": 39.35715386774481,
  "coming": 37.21535880327291,
  "red": 35.45965721190649,
  "available": 35.28139004297068,
  "art": 34.47089235018584,
  "lot": 34.227976658678244,
  "silver": 33.495917938801895,
  "blue": 33.47762112542633,
  "listed": 32.46205307666208,
  "gold": 31.414840285431858,
  "im": 30.931109398341526,
  "necklace": 30.497359097135888,
  "christmas": 30.44541562233659,
  "case": 28.52720631417912,
  "glass": 28.497208693248776,
  "collection": 28.45902326309833,
  "original": 28.426234301057434,
  "hand": 27.43731107812517,
  "batb": 27.41070577718976,
  "halloween": 27.378894133105593,
  "ready": 27.0522245322022,
  "st": 26.503845218118766,
  "sale": 26.413934599164797,
  "story": 26.324705766846307,
  "little": 26.128025470032462,
  "learn": 25.945007497772213,
  "apple": 25.90317549151192,
  "world": 25.58192919301341,
  "handmade": 25.494661098862416,
  "womens": 25.49365707868093,
  "design": 25.4445430255869,
  "green": 25.4409898037832,
  "large": 25.40285479694035,
  "women": 25.11054700792672,
  "ad": 24.823189822112422,
  "mens": 24.48305634105576
}