{
  "trump": 125.47868756895468,
  "im": 121.06889060165177,
  "time": 108.32796099553758,
  "know": 96.43236239181545,
  "says": 84.3676168140904,
  "great": 82.40323943368385,
  "want": 78.39402045316761,
  "good": 78.35829115297226,
  "thanks": 77.35607978778937,
  "need": 74.32931314395908,
  "day": 73.13203639739949,
  "best": 68.29776743686458,
  "help": 66.4600490607275,
  "really": 65.35887152391211,
  "donate": 63.49119265122935,
  "right": 61.04514509933977,
  "think": 60.3142227882314,
  "thats": 59.35358065088201,
  "win": 58.217669637215685,
  "thank": 54.39427100383373,
  "way": 50.35031570190899,
  "checked": 49.493342225049325,
  "work": 49.30908877478833,
  "coffee": 48.200441619984694,
  "mpoints": 47.49333078002047,
  "mplaces": 47.49333078002047,
  "news": 43.47572750392633,
  "support": 43.445523839588674,
  "read": 43.38616621140491,
  "service": 43.183193779970495,
  "follow": 42.36121606802918,
  "hi": 41.333575012097455,
  "year": 40.55513604812861,
  "week": 40.45452496794169,
  "phone": 40.408794547114745,
  "buy": 40.377036266368904,
  "money": 39.773881402384085,
  "ceo": 39.45576850487128,
  "north": 38.49102877713206,
  "team": 38.338738194705336,
  "life": 37.697972961812255,
  "korea": 37.49223557271592,
  "ive": 35.45724647930353,
  "ill": 35.30475667626882,
  "getting": 35.283530617810484,
  "real": 35.2622308801678,
  "days": 34.302430869568084,
  "tell": 33.46843785094462,
  "president": 32.46393183123285,
  "tweet": 32.40254544325526
}