Horizon,Avg_IC
1_DAY_RETURN,0.11316344931492602
2_DAY_RETURN,0.18829616078184105
3_DAY_RETURN,0.05706929044044912
7_DAY_RETURN,0.055791633869537144
