Horizon,WinRate
1_DAY_RETURN,0.5127599346761024
2_DAY_RETURN,0.518562874251497
3_DAY_RETURN,0.5307348938486663
7_DAY_RETURN,0.5499074578116494
